timestamp,solved,solution,guess1,result1,guess2,result2,guess3,result3,guess4,result4,guess5,result5,guess6,result6
2025-12-04T01:00:00,yes,tulip,crane,"c:absent,r:absent,a:absent,n:absent,e:absent",toils,"t:correct,o:absent,i:present,l:present,s:absent",tulip,"t:correct,u:correct,l:correct,i:correct,p:correct",,,,,,
2025-12-05T01:00:00,yes,among,crane,"c:absent,r:absent,a:present,n:correct,e:absent",suona,"s:absent,u:absent,o:correct,n:correct,a:present",ayont,"a:correct,y:absent,o:correct,n:correct,t:absent",along,"a:correct,l:absent,o:correct,n:correct,g:correct",among,"a:correct,m:correct,o:correct,n:correct,g:correct",,
2025-12-06T01:00:00,yes,waist,crane,"c:absent,r:absent,a:present,n:absent,e:absent",alios,"a:present,l:absent,i:correct,o:absent,s:present",stipa,"s:present,t:present,i:correct,p:absent,a:present",maist,"m:absent,a:correct,i:correct,s:correct,t:correct",waist,"w:correct,a:correct,i:correct,s:correct,t:correct",,
2025-12-07T01:00:00,yes,flute,crane,"c:absent,r:absent,a:absent,n:absent,e:correct",toise,"t:present,o:absent,i:absent,s:absent,e:correct",plute,"p:absent,l:correct,u:correct,t:correct,e:correct",glute,"g:absent,l:correct,u:correct,t:correct,e:correct",flute,"f:correct,l:correct,u:correct,t:correct,e:correct",,
2025-12-08T01:00:00,yes,gravy,crane,"c:absent,r:correct,a:correct,n:absent,e:absent",orals,"o:absent,r:correct,a:correct,l:absent,s:absent",tragi,"t:absent,r:correct,a:correct,g:present,i:absent",gramp,"g:correct,r:correct,a:correct,m:absent,p:absent",gravy,"g:correct,r:correct,a:correct,v:correct,y:correct",,
2025-12-09T01:00:00,yes,snide,crane,"c:absent,r:absent,a:absent,n:present,e:correct",noise,"n:present,o:absent,i:correct,s:present,e:correct",snide,"s:correct,n:correct,i:correct,d:correct,e:correct",,,,,,
2025-12-10T01:00:00,yes,erase,crane,"c:absent,r:correct,a:correct,n:absent,e:correct",urase,"u:absent,r:correct,a:correct,s:correct,e:correct",prase,"p:absent,r:correct,a:correct,s:correct,e:correct",erase,"e:correct,r:correct,a:correct,s:correct,e:correct",,,,
2025-12-11T01:00:00,yes,guess,crane,"c:absent,r:absent,a:absent,n:absent,e:present",solei,"s:present,o:absent,l:absent,e:present,i:absent",duets,"d:absent,u:correct,e:correct,t:absent,s:correct",queys,"q:absent,u:correct,e:correct,y:absent,s:correct",guess,"g:correct,u:correct,e:correct,s:correct,s:correct",,
2025-12-12T01:00:00,yes,truck,crane,"c:present,r:correct,a:absent,n:absent,e:absent",orgic,"o:absent,r:correct,g:absent,i:absent,c:present",truck,"t:correct,r:correct,u:correct,c:correct,k:correct",,,,,,
2025-12-13T01:00:00,yes,miser,crane,"c:absent,r:present,a:absent,n:absent,e:present",osier,"o:absent,s:present,i:present,e:correct,r:correct",siler,"s:present,i:correct,l:absent,e:correct,r:correct",miser,"m:correct,i:correct,s:correct,e:correct,r:correct",,,,
2025-12-14T01:00:00,yes,swing,crane,"c:absent,r:absent,a:absent,n:correct,e:absent",loins,"l:absent,o:absent,i:correct,n:correct,s:present",suint,"s:correct,u:absent,i:correct,n:correct,t:absent",spiny,"s:correct,p:absent,i:correct,n:correct,y:absent",swing,"s:correct,w:correct,i:correct,n:correct,g:correct",,
2025-12-15T01:00:00,yes,dodgy,crane,"c:absent,r:absent,a:absent,n:absent,e:absent",toils,"t:absent,o:correct,i:absent,l:absent,s:absent",dough,"d:correct,o:correct,u:absent,g:correct,h:absent",doggy,"d:correct,o:correct,g:absent,g:correct,y:correct",dodgy,"d:correct,o:correct,d:correct,g:correct,y:correct",,
2025-12-16T01:00:00,yes,segue,crane,"c:absent,r:absent,a:absent,n:absent,e:correct",toise,"t:absent,o:absent,i:absent,s:present,e:correct",pusle,"p:absent,u:present,s:present,l:absent,e:correct",segue,"s:correct,e:correct,g:correct,u:correct,e:correct",,,,
2025-12-17T01:00:00,no,,crane,"c:absent,r:correct,a:correct,n:absent,e:absent",orals,"o:absent,r:correct,a:correct,l:absent,s:correct",drats,"d:absent,r:correct,a:correct,t:absent,s:correct",krais,"k:absent,r:correct,a:correct,i:absent,s:correct",praus,"p:absent,r:correct,a:correct,u:absent,s:correct",grams,"g:correct,r:correct,a:correct,m:absent,s:correct"
2025-12-18T01:00:00,yes,rugby,crane,"c:absent,r:present,a:absent,n:absent,e:absent",loirs,"l:absent,o:absent,i:absent,r:present,s:absent",purty,"p:absent,u:correct,r:present,t:absent,y:correct",rugby,"r:correct,u:correct,g:correct,b:correct,y:correct",,,,
2025-12-19T01:00:00,yes,myrrh,crane,"c:absent,r:present,a:absent,n:absent,e:absent",loirs,"l:absent,o:absent,i:absent,r:correct,s:absent",updry,"u:absent,p:absent,d:absent,r:correct,y:present",myrrh,"m:correct,y:correct,r:correct,r:correct,h:correct",,,,
2025-12-20T01:00:00,yes,white,crane,"c:absent,r:absent,a:absent,n:absent,e:correct",toise,"t:present,o:absent,i:correct,s:absent,e:correct",utile,"u:absent,t:present,i:correct,l:absent,e:correct",white,"w:correct,h:correct,i:correct,t:correct,e:correct",,,,
2025-12-21T01:00:00,yes,quilt,crane,"c:absent,r:absent,a:absent,n:absent,e:absent",toils,"t:present,o:absent,i:correct,l:correct,s:absent",guilt,"g:absent,u:correct,i:correct,l:correct,t:correct",built,"b:absent,u:correct,i:correct,l:correct,t:correct",quilt,"q:correct,u:correct,i:correct,l:correct,t:correct",,
2025-12-22T01:00:00,no,,crane,"c:correct,r:absent,a:absent,n:present,e:absent",conus,"c:correct,o:correct,n:correct,u:absent,s:absent",conin,"c:correct,o:correct,n:correct,i:absent,n:absent",conky,"c:correct,o:correct,n:correct,k:absent,y:absent",conto,"c:correct,o:correct,n:correct,t:absent,o:absent",condo,"c:correct,o:correct,n:correct,d:absent,o:absent"
2025-12-23T01:00:00,yes,glint,crane,"c:absent,r:absent,a:absent,n:correct,e:absent",loins,"l:present,o:absent,i:correct,n:correct,s:absent",glint,"g:correct,l:correct,i:correct,n:correct,t:correct",,,,,,
2025-12-24T01:00:00,yes,spool,crane,"c:absent,r:absent,a:absent,n:absent,e:absent",toils,"t:absent,o:present,i:absent,l:present,s:present",sloyd,"s:correct,l:present,o:correct,y:absent,d:absent",spool,"s:correct,p:correct,o:correct,o:correct,l:correct",,,,
2025-12-25T01:00:00,yes,prism,crane,"c:absent,r:correct,a:absent,n:absent,e:absent",trios,"t:absent,r:correct,i:correct,o:absent,s:present",prism,"p:correct,r:correct,i:correct,s:correct,m:correct",,,,,,
2025-12-26T01:00:00,yes,speed,crane,"c:absent,r:absent,a:absent,n:absent,e:present",solei,"s:correct,o:absent,l:absent,e:correct,i:absent",styed,"s:correct,t:absent,y:absent,e:correct,d:correct",suped,"s:correct,u:absent,p:present,e:correct,d:correct",speed,"s:correct,p:correct,e:correct,e:correct,d:correct",,
2025-12-27T01:00:00,no,,crane,"c:present,r:absent,a:present,n:absent,e:absent",socia,"s:absent,o:absent,c:present,i:absent,a:present",talcy,"t:present,a:correct,l:absent,c:correct,y:absent",patch,"p:absent,a:correct,t:correct,c:correct,h:correct",match,"m:absent,a:correct,t:correct,c:correct,h:correct",gatch,"g:absent,a:correct,t:correct,c:correct,h:correct"
2025-12-28T01:00:00,yes,abbot,crane,"c:absent,r:absent,a:present,n:absent,e:absent",alios,"a:correct,l:absent,i:absent,o:correct,s:absent",adbot,"a:correct,d:absent,b:correct,o:correct,t:correct",abbot,"a:correct,b:correct,b:correct,o:correct,t:correct",,,,
2025-12-29T01:00:00,yes,fruit,crane,"c:absent,r:correct,a:absent,n:absent,e:absent",trios,"t:present,r:correct,i:present,o:absent,s:absent",bruit,"b:absent,r:correct,u:correct,i:correct,t:correct",fruit,"f:correct,r:correct,u:correct,i:correct,t:correct",,,,
2025-12-30T01:00:00,yes,decor,crane,"c:present,r:present,a:absent,n:absent,e:present",icers,"i:absent,c:present,e:present,r:present,s:absent",recto,"r:present,e:correct,c:correct,t:absent,o:present",decor,"d:correct,e:correct,c:correct,o:correct,r:correct",,,,
2025-12-31T01:00:00,yes,siren,crane,"c:absent,r:present,a:absent,n:present,e:present",senor,"s:correct,e:present,n:present,o:absent,r:present",siren,"s:correct,i:correct,r:correct,e:correct,n:correct",,,,,,
2026-01-01T01:00:00,no,,crane,"c:absent,r:absent,a:present,n:absent,e:correct",alose,"a:present,l:present,o:absent,s:absent,e:correct",laide,"l:present,a:correct,i:absent,d:absent,e:correct",table,"t:absent,a:correct,b:correct,l:correct,e:correct",hable,"h:absent,a:correct,b:correct,l:correct,e:correct",gable,"g:absent,a:correct,b:correct,l:correct,e:correct"
2026-01-02T01:00:00,yes,proof,crane,"c:absent,r:correct,a:absent,n:absent,e:absent",trios,"t:absent,r:correct,i:absent,o:correct,s:absent",drool,"d:absent,r:correct,o:correct,o:correct,l:absent",groom,"g:absent,r:correct,o:correct,o:correct,m:absent",prook,"p:correct,r:correct,o:correct,o:correct,k:absent",proof,"p:correct,r:correct,o:correct,o:correct,f:correct"
2026-01-03T01:00:00,yes,sitar,crane,"c:absent,r:present,a:present,n:absent,e:absent",ioras,"i:present,o:absent,r:present,a:correct,s:present",sitar,"s:correct,i:correct,t:correct,a:correct,r:correct",,,,,,
2026-01-04T01:00:00,yes,posse,crane,"c:absent,r:absent,a:absent,n:absent,e:correct",toise,"t:absent,o:correct,i:absent,s:correct,e:correct",louse,"l:absent,o:correct,u:absent,s:correct,e:correct",poyse,"p:correct,o:correct,y:absent,s:correct,e:correct",posse,"p:correct,o:correct,s:correct,s:correct,e:correct",,
2026-01-05T01:00:00,yes,filly,crane,"c:absent,r:absent,a:absent,n:absent,e:absent",toils,"t:absent,o:absent,i:present,l:correct,s:absent",dimly,"d:absent,i:correct,m:absent,l:correct,y:correct",hiply,"h:absent,i:correct,p:absent,l:correct,y:correct",bigly,"b:absent,i:correct,g:absent,l:correct,y:correct",filly,"f:correct,i:correct,l:correct,l:correct,y:correct"
2026-01-06T01:00:00,yes,oomph,crane,"c:absent,r:absent,a:absent,n:absent,e:absent",toils,"t:absent,o:correct,i:absent,l:absent,s:absent",dough,"d:absent,o:correct,u:absent,g:absent,h:correct",oomph,"o:correct,o:correct,m:correct,p:correct,h:correct",,,,
2026-01-07T01:00:00,yes,pecan,crane,"c:present,r:absent,a:present,n:present,e:present",acnes,"a:present,c:present,n:present,e:present,s:absent",eniac,"e:present,n:present,i:absent,a:correct,c:present",decan,"d:absent,e:correct,c:correct,a:correct,n:correct",pecan,"p:correct,e:correct,c:correct,a:correct,n:correct",,
2026-01-08T01:00:00,yes,blast,crane,"c:absent,r:absent,a:correct,n:absent,e:absent",loast,"l:present,o:absent,a:correct,s:correct,t:correct",plast,"p:absent,l:correct,a:correct,s:correct,t:correct",blast,"b:correct,l:correct,a:correct,s:correct,t:correct",,,,
2026-01-09T01:00:00,yes,eight,crane,"c:absent,r:absent,a:absent,n:absent,e:present",solei,"s:absent,o:absent,l:absent,e:present,i:present",tepid,"t:present,e:present,p:absent,i:present,d:absent",eight,"e:correct,i:correct,g:correct,h:correct,t:correct",,,,
2026-01-10T01:00:00,yes,manic,crane,"c:present,r:absent,a:present,n:present,e:absent",ascon,"a:present,s:absent,c:present,o:absent,n:present",linac,"l:absent,i:present,n:correct,a:present,c:correct",panic,"p:absent,a:correct,n:correct,i:correct,c:correct",manic,"m:correct,a:correct,n:correct,i:correct,c:correct",,
2026-01-11T01:00:00,yes,quark,crane,"c:absent,r:present,a:correct,n:absent,e:absent",roast,"r:present,o:absent,a:correct,s:absent,t:absent",liard,"l:absent,i:absent,a:correct,r:correct,d:absent",pharm,"p:absent,h:absent,a:correct,r:correct,m:absent",quark,"q:correct,u:correct,a:correct,r:correct,k:correct",,
2026-01-12T01:00:00,yes,trial,crane,"c:absent,r:correct,a:present,n:absent,e:absent",arils,"a:present,r:correct,i:correct,l:present,s:absent",trial,"t:correct,r:correct,i:correct,a:correct,l:correct",,,,,,
2026-01-13T01:00:00,yes,gumbo,crane,"c:absent,r:absent,a:absent,n:absent,e:absent",toils,"t:absent,o:present,i:absent,l:absent,s:absent",udyog,"u:present,d:absent,y:absent,o:present,g:present",mugho,"m:present,u:correct,g:present,h:absent,o:correct",gumbo,"g:correct,u:correct,m:correct,b:correct,o:correct",,
2026-01-14T01:00:00,yes,avoid,crane,"c:absent,r:absent,a:present,n:absent,e:absent",alios,"a:correct,l:absent,i:present,o:present,s:absent",audio,"a:correct,u:absent,d:present,i:correct,o:present",avoid,"a:correct,v:correct,o:correct,i:correct,d:correct",,,,
2026-01-15T01:00:00,yes,chasm,crane,"c:correct,r:absent,a:correct,n:absent,e:absent",coals,"c:correct,o:absent,a:correct,l:absent,s:present",chasm,"c:correct,h:correct,a:correct,s:correct,m:correct",,,,,,
2026-01-16T01:00:00,yes,racer,crane,"c:present,r:present,a:present,n:absent,e:present",acers,"a:present,c:present,e:present,r:present,s:absent",recal,"r:correct,e:present,c:correct,a:present,l:absent",raced,"r:correct,a:correct,c:correct,e:correct,d:absent",racer,"r:correct,a:correct,c:correct,e:correct,r:correct",,
2026-01-17T01:00:00,yes,fiery,crane,"c:absent,r:present,a:absent,n:absent,e:present",osier,"o:absent,s:absent,i:present,e:present,r:present",relit,"r:present,e:present,l:absent,i:present,t:absent",fiery,"f:correct,i:correct,e:correct,r:correct,y:correct",,,,
2026-01-18T01:00:00,yes,sumac,crane,"c:present,r:absent,a:present,n:absent,e:absent",socia,"s:correct,o:absent,c:present,i:absent,a:present",sumac,"s:correct,u:correct,m:correct,a:correct,c:correct",,,,,,
2026-01-19T01:00:00,no,,crane,"c:absent,r:absent,a:present,n:present,e:present",neosa,"n:present,e:present,o:absent,s:absent,a:present",alien,"a:present,l:absent,i:absent,e:correct,n:correct",tapen,"t:absent,a:correct,p:absent,e:correct,n:correct",yamen,"y:absent,a:correct,m:absent,e:correct,n:correct",dawen,"d:absent,a:correct,w:present,e:correct,n:correct"
2026-01-20T01:00:00,yes,sully,crane,"c:absent,r:absent,a:absent,n:absent,e:absent",toils,"t:absent,o:absent,i:absent,l:correct,s:present",sully,"s:correct,u:correct,l:correct,l:correct,y:correct",,,,,,
2026-01-21T01:00:00,yes,cubic,crane,"c:correct,r:absent,a:absent,n:absent,e:absent",coils,"c:correct,o:absent,i:present,l:absent,s:absent",cubit,"c:correct,u:correct,b:correct,i:correct,t:absent",cubic,"c:correct,u:correct,b:correct,i:correct,c:correct",,,,
2026-01-22T01:00:00,yes,clink,crane,"c:correct,r:absent,a:absent,n:correct,e:absent",cions,"c:correct,i:present,o:absent,n:correct,s:absent",clint,"c:correct,l:correct,i:correct,n:correct,t:absent",cling,"c:correct,l:correct,i:correct,n:correct,g:absent",clink,"c:correct,l:correct,i:correct,n:correct,k:correct",,
2026-01-23T01:00:00,yes,baron,crane,"c:absent,r:present,a:present,n:present,e:absent",sonar,"s:absent,o:present,n:present,a:present,r:present",radon,"r:present,a:correct,d:absent,o:correct,n:correct",maron,"m:absent,a:correct,r:correct,o:correct,n:correct",baron,"b:correct,a:correct,r:correct,o:correct,n:correct",,
2026-01-24T01:00:00,yes,cliff,crane,"c:correct,r:absent,a:absent,n:absent,e:absent",coils,"c:correct,o:absent,i:correct,l:present,s:absent",clipt,"c:correct,l:correct,i:correct,p:absent,t:absent",climb,"c:correct,l:correct,i:correct,m:absent,b:absent",click,"c:correct,l:correct,i:correct,c:absent,k:absent",cliff,"c:correct,l:correct,i:correct,f:correct,f:correct"
2026-01-25T01:00:00,yes,strut,crane,"c:absent,r:present,a:absent,n:absent,e:absent",loirs,"l:absent,o:absent,i:absent,r:present,s:present",durst,"d:absent,u:present,r:correct,s:present,t:correct",strut,"s:correct,t:correct,r:correct,u:correct,t:correct",,,,
2026-01-26T01:00:00,no,,crane,"c:absent,r:correct,a:present,n:absent,e:present",arles,"a:present,r:correct,l:absent,e:present,s:absent",oread,"o:absent,r:correct,e:correct,a:correct,d:absent",great,"g:absent,r:correct,e:correct,a:correct,t:absent",bream,"b:absent,r:correct,e:correct,a:correct,m:absent",preak,"p:absent,r:correct,e:correct,a:correct,k:correct"
2026-01-27T01:00:00,yes,dusky,crane,"c:absent,r:absent,a:absent,n:absent,e:absent",toils,"t:absent,o:absent,i:absent,l:absent,s:present",pudsy,"p:absent,u:correct,d:present,s:present,y:correct",dusky,"d:correct,u:correct,s:correct,k:correct,y:correct",,,,
2026-01-28T01:00:00,yes,cruel,crane,"c:correct,r:correct,a:absent,n:absent,e:present",cries,"c:correct,r:correct,i:absent,e:correct,s:absent",cruel,"c:correct,r:correct,u:correct,e:correct,l:correct",,,,,,
2026-01-29T01:00:00,yes,flaky,crane,"c:absent,r:absent,a:correct,n:absent,e:absent",loast,"l:present,o:absent,a:correct,s:absent,t:absent",miaul,"m:absent,i:absent,a:correct,u:absent,l:present",glady,"g:absent,l:correct,a:correct,d:absent,y:correct",flaky,"f:correct,l:correct,a:correct,k:correct,y:correct",,
2026-01-30T01:00:00,yes,jumbo,crane,"c:absent,r:absent,a:absent,n:absent,e:absent",toils,"t:absent,o:present,i:absent,l:absent,s:absent",udyog,"u:present,d:absent,y:absent,o:present,g:absent",khoum,"k:absent,h:absent,o:present,u:present,m:present",jumbo,"j:correct,u:correct,m:correct,b:correct,o:correct",,
2026-01-31T01:00:00,yes,allot,crane,"c:absent,r:absent,a:present,n:absent,e:absent",alios,"a:correct,l:correct,i:absent,o:correct,s:absent",allot,"a:correct,l:correct,l:correct,o:correct,t:correct",,,,,,
2026-02-01T01:00:00,yes,spiny,crane,"c:absent,r:absent,a:absent,n:correct,e:absent",loins,"l:absent,o:absent,i:correct,n:correct,s:present",suint,"s:correct,u:absent,i:correct,n:correct,t:absent",spiny,"s:correct,p:correct,i:correct,n:correct,y:correct",,,,
2026-02-02T01:00:00,yes,cigar,crane,"c:correct,r:present,a:present,n:absent,e:absent",carls,"c:correct,a:present,r:present,l:absent,s:absent",copra,"c:correct,o:absent,p:absent,r:present,a:present",cimar,"c:correct,i:correct,m:absent,a:correct,r:correct",cigar,"c:correct,i:correct,g:correct,a:correct,r:correct",,
2026-02-03T01:00:00,yes,weigh,crane,"c:absent,r:absent,a:absent,n:absent,e:present",solei,"s:absent,o:absent,l:absent,e:present,i:present",tepid,"t:absent,e:correct,p:absent,i:present,d:absent",beigy,"b:absent,e:correct,i:correct,g:correct,y:absent",weigh,"w:correct,e:correct,i:correct,g:correct,h:correct",,
2026-02-04T01:00:00,yes,chide,crane,"c:correct,r:absent,a:absent,n:absent,e:correct",cosie,"c:correct,o:absent,s:absent,i:present,e:correct",clipe,"c:correct,l:absent,i:correct,p:absent,e:correct",chide,"c:correct,h:correct,i:correct,d:correct,e:correct",,,,
2026-02-05T01:00:00,yes,swoop,crane,"c:absent,r:absent,a:absent,n:absent,e:absent",toils,"t:absent,o:present,i:absent,l:absent,s:present",shoud,"s:correct,h:absent,o:correct,u:absent,d:absent",smoky,"s:correct,m:absent,o:correct,k:absent,y:absent",spoof,"s:correct,p:present,o:correct,o:correct,f:absent",swoop,"s:correct,w:correct,o:correct,o:correct,p:correct"
2026-02-06T01:00:00,no,,crane,"c:absent,r:absent,a:present,n:absent,e:present",aloes,"a:present,l:present,o:absent,e:correct,s:absent",pilea,"p:absent,i:absent,l:present,e:correct,a:present",lated,"l:present,a:correct,t:absent,e:correct,d:absent",hamel,"h:absent,a:correct,m:absent,e:correct,l:correct",bagel,"b:absent,a:correct,g:present,e:correct,l:correct"
2026-02-07T01:00:00,yes,bleat,crane,"c:absent,r:absent,a:present,n:absent,e:present",aloes,"a:present,l:correct,o:absent,e:present,s:absent",eliad,"e:present,l:correct,i:absent,a:correct,d:absent",pleat,"p:absent,l:correct,e:correct,a:correct,t:correct",bleat,"b:correct,l:correct,e:correct,a:correct,t:correct",,
2026-02-08T01:00:00,yes,embed,crane,"c:absent,r:absent,a:absent,n:absent,e:present",solei,"s:absent,o:absent,l:absent,e:correct,i:absent",muted,"m:present,u:absent,t:absent,e:correct,d:correct",embed,"e:correct,m:correct,b:correct,e:correct,d:correct",,,,
2026-02-09T01:00:00,yes,cello,crane,"c:correct,r:absent,a:absent,n:absent,e:present",coles,"c:correct,o:present,l:correct,e:present,s:absent",celom,"c:correct,e:correct,l:correct,o:present,m:absent",cello,"c:correct,e:correct,l:correct,l:correct,o:correct",,,,
2026-02-10T01:00:00,yes,scene,crane,"c:present,r:absent,a:absent,n:correct,e:correct",scone,"s:correct,c:correct,o:absent,n:correct,e:correct",scene,"s:correct,c:correct,e:correct,n:correct,e:correct",,,,,,
2026-02-11T01:00:00,no,,crane,"c:absent,r:absent,a:present,n:present,e:present",neosa,"n:present,e:correct,o:absent,s:absent,a:present",penal,"p:absent,e:correct,n:present,a:correct,l:absent",deman,"d:absent,e:correct,m:absent,a:correct,n:correct",geyan,"g:present,e:correct,y:absent,a:correct,n:correct",began,"b:absent,e:correct,g:correct,a:correct,n:correct"
2026-02-12T01:00:00,yes,surge,crane,"c:absent,r:present,a:absent,n:absent,e:correct",torse,"t:absent,o:absent,r:correct,s:present,e:correct",sprue,"s:correct,p:absent,r:correct,u:present,e:correct",surge,"s:correct,u:correct,r:correct,g:correct,e:correct",,,,
2026-02-13T01:00:00,yes,mooch,crane,"c:present,r:absent,a:absent,n:absent,e:absent",locis,"l:absent,o:correct,c:present,i:absent,s:absent",touch,"t:absent,o:correct,u:absent,c:correct,h:correct",pooch,"p:absent,o:correct,o:correct,c:correct,h:correct",mooch,"m:correct,o:correct,o:correct,c:correct,h:correct",,
2026-02-14T01:00:00,yes,bloom,crane,"c:absent,r:absent,a:absent,n:absent,e:absent",toils,"t:absent,o:present,i:absent,l:present,s:absent",pulmo,"p:absent,u:absent,l:present,m:present,o:present",gloom,"g:absent,l:correct,o:correct,o:correct,m:correct",bloom,"b:correct,l:correct,o:correct,o:correct,m:correct",,
2026-02-15T01:00:00,yes,skull,crane,"c:absent,r:absent,a:absent,n:absent,e:absent",toils,"t:absent,o:absent,i:absent,l:correct,s:present",sully,"s:correct,u:present,l:present,l:correct,y:absent",skulk,"s:correct,k:correct,u:correct,l:correct,k:absent",skull,"s:correct,k:correct,u:correct,l:correct,l:correct",,
2026-02-16T01:00:00,yes,roost,crane,"c:absent,r:present,a:absent,n:absent,e:absent",loirs,"l:absent,o:correct,i:absent,r:present,s:present",roust,"r:correct,o:correct,u:absent,s:correct,t:correct",royst,"r:correct,o:correct,y:absent,s:correct,t:correct",roost,"r:correct,o:correct,o:correct,s:correct,t:correct",,
2026-02-17T01:00:00,yes,squad,crane,"c:absent,r:absent,a:present,n:absent,e:absent",alios,"a:present,l:absent,i:absent,o:absent,s:present",ustad,"u:present,s:present,t:absent,a:correct,d:correct",squad,"s:correct,q:correct,u:correct,a:correct,d:correct",,,,
2026-02-18T01:00:00,yes,mogul,crane,"c:absent,r:absent,a:absent,n:absent,e:absent",toils,"t:absent,o:correct,i:absent,l:present,s:absent",moldy,"m:correct,o:correct,l:present,d:absent,y:absent",mogul,"m:correct,o:correct,g:correct,u:correct,l:correct",,,,
2026-02-19T01:00:00,yes,hoist,crane,"c:absent,r:absent,a:absent,n:absent,e:absent",toils,"t:present,o:correct,i:correct,l:absent,s:present",moist,"m:absent,o:correct,i:correct,s:correct,t:correct",hoist,"h:correct,o:correct,i:correct,s:correct,t:correct",,,,
2026-02-20T01:00:00,yes,stank,crane,"c:absent,r:absent,a:correct,n:correct,e:absent",loans,"l:absent,o:absent,a:correct,n:correct,s:present",stand,"s:correct,t:correct,a:correct,n:correct,d:absent",stang,"s:correct,t:correct,a:correct,n:correct,g:absent",stank,"s:correct,t:correct,a:correct,n:correct,k:correct",,
2026-02-21T01:00:00,yes,awake,crane,"c:absent,r:absent,a:correct,n:absent,e:correct",slate,"s:absent,l:absent,a:correct,t:absent,e:correct",poake,"p:absent,o:absent,a:correct,k:correct,e:correct",quake,"q:absent,u:absent,a:correct,k:correct,e:correct",meake,"m:absent,e:absent,a:correct,k:correct,e:correct",awake,"a:correct,w:correct,a:correct,k:correct,e:correct"
2026-02-22T01:00:00,yes,guava,crane,"c:absent,r:absent,a:correct,n:absent,e:absent",loast,"l:absent,o:absent,a:correct,s:absent,t:absent",imagy,"i:absent,m:absent,a:correct,g:present,y:absent",guava,"g:correct,u:correct,a:correct,v:correct,a:correct",,,,
2026-02-23T01:00:00,yes,attic,crane,"c:present,r:absent,a:present,n:absent,e:absent",socia,"s:absent,o:absent,c:present,i:correct,a:present",aulic,"a:correct,u:absent,l:absent,i:correct,c:correct",attic,"a:correct,t:correct,t:correct,i:correct,c:correct",,,,
2026-02-24T01:00:00,yes,buyer,crane,"c:absent,r:present,a:absent,n:absent,e:present",osier,"o:absent,s:absent,i:absent,e:correct,r:correct",luter,"l:absent,u:correct,t:absent,e:correct,r:correct",duper,"d:absent,u:correct,p:absent,e:correct,r:correct",buyer,"b:correct,u:correct,y:correct,e:correct,r:correct",,
2026-02-25T01:00:00,yes,shred,crane,"c:absent,r:present,a:absent,n:absent,e:present",osier,"o:absent,s:present,i:absent,e:correct,r:present",rules,"r:present,u:absent,l:absent,e:correct,s:present",strep,"s:correct,t:absent,r:correct,e:correct,p:absent",shred,"s:correct,h:correct,r:correct,e:correct,d:correct",,
2026-02-26T01:00:00,yes,lance,crane,"c:present,r:absent,a:present,n:present,e:correct",naice,"n:present,a:correct,i:absent,c:correct,e:correct",lance,"l:correct,a:correct,n:correct,c:correct,e:correct",,,,,,
2026-02-27T01:00:00,yes,dizzy,crane,"c:absent,r:absent,a:absent,n:absent,e:absent",toils,"t:absent,o:absent,i:present,l:absent,s:absent",humid,"h:absent,u:absent,m:absent,i:present,d:present",dippy,"d:correct,i:correct,p:absent,p:absent,y:correct",divvy,"d:correct,i:correct,v:absent,v:absent,y:correct",dizzy,"d:correct,i:correct,z:correct,z:correct,y:correct"
2026-02-28T01:00:00,yes,hydra,crane,"c:absent,r:present,a:present,n:absent,e:absent",ioras,"i:absent,o:absent,r:present,a:present,s:absent",ultra,"u:absent,l:absent,t:absent,r:correct,a:correct",hydra,"h:correct,y:correct,d:correct,r:correct,a:correct",,,,
2026-03-01T01:00:00,yes,fluke,crane,"c:absent,r:absent,a:absent,n:absent,e:correct",toise,"t:absent,o:absent,i:absent,s:absent,e:correct",duple,"d:absent,u:present,p:absent,l:present,e:correct",glume,"g:absent,l:correct,u:correct,m:absent,e:correct",fluke,"f:correct,l:correct,u:correct,k:correct,e:correct",,
2026-03-02T01:00:00,yes,slime,crane,"c:absent,r:absent,a:absent,n:absent,e:correct",toise,"t:absent,o:absent,i:correct,s:present,e:correct",slide,"s:correct,l:correct,i:correct,d:absent,e:correct",slipe,"s:correct,l:correct,i:correct,p:absent,e:correct",slime,"s:correct,l:correct,i:correct,m:correct,e:correct",,
2026-03-03T01:00:00,yes,linen,crane,"c:absent,r:absent,a:absent,n:present,e:present",eosin,"e:present,o:absent,s:absent,i:present,n:correct",limen,"l:correct,i:correct,m:absent,e:correct,n:correct",liken,"l:correct,i:correct,k:absent,e:correct,n:correct",liven,"l:correct,i:correct,v:absent,e:correct,n:correct",linen,"l:correct,i:correct,n:correct,e:correct,n:correct"
2026-03-04T01:00:00,yes,theft,crane,"c:absent,r:absent,a:absent,n:absent,e:present",solei,"s:absent,o:absent,l:absent,e:present,i:absent",dempt,"d:absent,e:present,m:absent,p:absent,t:correct",wheft,"w:absent,h:correct,e:correct,f:correct,t:correct",theft,"t:correct,h:correct,e:correct,f:correct,t:correct",,
2026-03-05T01:00:00,yes,sheep,crane,"c:absent,r:absent,a:absent,n:absent,e:present",solei,"s:correct,o:absent,l:absent,e:correct,i:absent",styed,"s:correct,t:absent,y:absent,e:correct,d:absent",shmek,"s:correct,h:correct,m:absent,e:correct,k:absent",sheep,"s:correct,h:correct,e:correct,e:correct,p:correct",,
2026-03-06T01:00:00,yes,gunky,crane,"c:absent,r:absent,a:absent,n:present,e:absent",oslin,"o:absent,s:absent,l:absent,i:absent,n:present",punty,"p:absent,u:correct,n:correct,t:absent,y:correct",gundy,"g:correct,u:correct,n:correct,d:absent,y:correct",gunky,"g:correct,u:correct,n:correct,k:correct,y:correct",,
2026-03-07T01:00:00,yes,vogue,crane,"c:absent,r:absent,a:absent,n:absent,e:correct",toise,"t:absent,o:correct,i:absent,s:absent,e:correct",poule,"p:absent,o:correct,u:present,l:absent,e:correct",mogue,"m:absent,o:correct,g:correct,u:correct,e:correct",bogue,"b:absent,o:correct,g:correct,u:correct,e:correct",vogue,"v:correct,o:correct,g:correct,u:correct,e:correct"
2026-03-08T01:00:00,no,,crane,"c:absent,r:absent,a:absent,n:absent,e:absent",toils,"t:absent,o:correct,i:absent,l:present,s:absent",moldy,"m:absent,o:correct,l:present,d:absent,y:correct",loopy,"l:correct,o:correct,o:absent,p:absent,y:correct",loggy,"l:correct,o:correct,g:absent,g:absent,y:correct",looby,"l:correct,o:correct,o:absent,b:correct,y:correct"
2026-03-09T01:00:00,yes,hasty,crane,"c:absent,r:absent,a:present,n:absent,e:absent",alios,"a:present,l:absent,i:absent,o:absent,s:present",ustad,"u:absent,s:present,t:present,a:present,d:absent",pasty,"p:absent,a:correct,s:correct,t:correct,y:correct",masty,"m:absent,a:correct,s:correct,t:correct,y:correct",hasty,"h:correct,a:correct,s:correct,t:correct,y:correct"
2026-03-10T01:00:00,yes,shoal,crane,"c:absent,r:absent,a:present,n:absent,e:absent",alios,"a:present,l:present,i:absent,o:present,s:present",salto,"s:correct,a:present,l:present,t:absent,o:present",shola,"s:correct,h:correct,o:correct,l:present,a:present",shoal,"s:correct,h:correct,o:correct,a:correct,l:correct",,
2026-03-11T01:00:00,yes,teddy,crane,"c:absent,r:absent,a:absent,n:absent,e:present",solei,"s:absent,o:absent,l:absent,e:present,i:absent",dempt,"d:present,e:correct,m:absent,p:absent,t:present",teddy,"t:correct,e:correct,d:correct,d:correct,y:correct",,,,
2026-03-12T01:00:00,yes,smell,crane,"c:absent,r:absent,a:absent,n:absent,e:present",solei,"s:correct,o:absent,l:present,e:present,i:absent",spelt,"s:correct,p:absent,e:correct,l:correct,t:absent",skelm,"s:correct,k:absent,e:correct,l:correct,m:present",smell,"s:correct,m:correct,e:correct,l:correct,l:correct",,
2026-03-13T01:00:00,yes,eaten,crane,"c:absent,r:absent,a:present,n:present,e:present",neosa,"n:present,e:present,o:absent,s:absent,a:present",alien,"a:present,l:absent,i:absent,e:correct,n:correct",tapen,"t:present,a:correct,p:absent,e:correct,n:correct",eaten,"e:correct,a:correct,t:correct,e:correct,n:correct",,
2026-03-14T01:00:00,yes,ankle,crane,"c:absent,r:absent,a:present,n:present,e:correct",anise,"a:correct,n:correct,i:absent,s:absent,e:correct",anole,"a:correct,n:correct,o:absent,l:correct,e:correct",angle,"a:correct,n:correct,g:absent,l:correct,e:correct",ankle,"a:correct,n:correct,k:correct,l:correct,e:correct",,
2026-03-15T01:00:00,yes,grade,crane,"c:absent,r:correct,a:correct,n:absent,e:correct",urase,"u:absent,r:correct,a:correct,s:absent,e:correct",orate,"o:absent,r:correct,a:correct,t:absent,e:correct",irade,"i:absent,r:correct,a:correct,d:correct,e:correct",grade,"g:correct,r:correct,a:correct,d:correct,e:correct",,
2026-03-16T01:00:00,yes,drama,crane,"c:absent,r:correct,a:correct,n:absent,e:absent",orals,"o:absent,r:correct,a:correct,l:absent,s:absent",tragi,"t:absent,r:correct,a:correct,g:absent,i:absent",drapy,"d:correct,r:correct,a:correct,p:absent,y:absent",drama,"d:correct,r:correct,a:correct,m:correct,a:correct",,
2026-03-17T01:00:00,yes,clasp,crane,"c:correct,r:absent,a:correct,n:absent,e:absent",coals,"c:correct,o:absent,a:correct,l:present,s:present",clast,"c:correct,l:correct,a:correct,s:correct,t:absent",clasp,"c:correct,l:correct,a:correct,s:correct,p:correct",,,,
2026-03-18T01:00:00,yes,amply,crane,"c:absent,r:absent,a:present,n:absent,e:absent",alios,"a:correct,l:present,i:absent,o:absent,s:absent",adult,"a:correct,d:absent,u:absent,l:correct,t:absent",amply,"a:correct,m:correct,p:correct,l:correct,y:correct",,,,
2026-03-19T01:00:00,yes,rehab,crane,"c:absent,r:present,a:present,n:absent,e:present",aeros,"a:present,e:correct,r:present,o:absent,s:absent",retia,"r:correct,e:correct,t:absent,i:absent,a:present",relay,"r:correct,e:correct,l:absent,a:correct,y:absent",remap,"r:correct,e:correct,m:absent,a:correct,p:absent",rehab,"r:correct,e:correct,h:correct,a:correct,b:correct"
2026-03-20T01:00:00,yes,oasis,crane,"c:absent,r:absent,a:present,n:absent,e:absent",alios,"a:present,l:absent,i:present,o:present,s:correct",iotas,"i:present,o:present,t:absent,a:present,s:correct",oasis,"o:correct,a:correct,s:correct,i:correct,s:correct",,,,
2026-03-21T01:00:00,yes,slick,crane,"c:present,r:absent,a:absent,n:absent,e:absent",locis,"l:present,o:absent,c:present,i:present,s:present",sulci,"s:correct,u:absent,l:present,c:correct,i:present",slick,"s:correct,l:correct,i:correct,c:correct,k:correct",,,,
2026-03-22T01:00:00,yes,basil,crane,"c:absent,r:absent,a:present,n:absent,e:absent",alios,"a:present,l:present,i:present,o:absent,s:present",salmi,"s:present,a:correct,l:present,m:absent,i:present",basil,"b:correct,a:correct,s:correct,i:correct,l:correct",,,,
2026-03-23T01:00:00,yes,serif,crane,"c:absent,r:present,a:absent,n:absent,e:present",osier,"o:absent,s:present,i:present,e:present,r:present",liers,"l:absent,i:present,e:present,r:present,s:present",resit,"r:present,e:correct,s:present,i:correct,t:absent",serif,"s:correct,e:correct,r:correct,i:correct,f:correct",,
2026-03-24T01:00:00,yes,brood,crane,"c:absent,r:correct,a:absent,n:absent,e:absent",trios,"t:absent,r:correct,i:absent,o:correct,s:absent",drool,"d:present,r:correct,o:correct,o:correct,l:absent",brood,"b:correct,r:correct,o:correct,o:correct,d:correct",,,,
2026-03-25T01:00:00,yes,wiser,crane,"c:absent,r:present,a:absent,n:absent,e:present",osier,"o:absent,s:present,i:present,e:correct,r:correct",siler,"s:present,i:correct,l:absent,e:correct,r:correct",miser,"m:absent,i:correct,s:correct,e:correct,r:correct",wiser,"w:correct,i:correct,s:correct,e:correct,r:correct",,
2026-03-26T01:00:00,yes,befit,crane,"c:absent,r:absent,a:absent,n:absent,e:present",solei,"s:absent,o:absent,l:absent,e:present,i:present",tepid,"t:present,e:correct,p:absent,i:correct,d:absent",metif,"m:absent,e:correct,t:present,i:correct,f:present",befit,"b:correct,e:correct,f:correct,i:correct,t:correct",,
2026-03-27T01:00:00,yes,ivory,crane,"c:absent,r:present,a:absent,n:absent,e:absent",loirs,"l:absent,o:present,i:present,r:correct,s:absent",impro,"i:correct,m:absent,p:absent,r:correct,o:present",ivory,"i:correct,v:correct,o:correct,r:correct,y:correct",,,,
2026-03-28T01:00:00,yes,afoot,crane,"c:absent,r:absent,a:present,n:absent,e:absent",alios,"a:correct,l:absent,i:absent,o:correct,s:absent",adbot,"a:correct,d:absent,b:absent,o:correct,t:correct",afoot,"a:correct,f:correct,o:correct,o:correct,t:correct",,,,
2026-03-29T01:00:00,yes,chump,crane,"c:correct,r:absent,a:absent,n:absent,e:absent",coils,"c:correct,o:absent,i:absent,l:absent,s:absent",chump,"c:correct,h:correct,u:correct,m:correct,p:correct",,,,,,
2026-03-30T01:00:00,yes,comet,crane,"c:correct,r:absent,a:absent,n:absent,e:present",coles,"c:correct,o:correct,l:absent,e:correct,s:absent",coted,"c:correct,o:correct,t:present,e:correct,d:absent",comet,"c:correct,o:correct,m:correct,e:correct,t:correct",,,,
2026-03-31T01:00:00,yes,swamp,crane,"c:absent,r:absent,a:correct,n:absent,e:absent",loast,"l:absent,o:absent,a:correct,s:present,t:absent",spahi,"s:correct,p:present,a:correct,h:absent,i:absent",swamp,"s:correct,w:correct,a:correct,m:correct,p:correct",,,,
2026-04-01T01:00:00,yes,fizzy,crane,"c:absent,r:absent,a:absent,n:absent,e:absent",toils,"t:absent,o:absent,i:present,l:absent,s:absent",humid,"h:absent,u:absent,m:absent,i:present,d:absent",gippy,"g:absent,i:correct,p:absent,p:absent,y:correct",bikky,"b:absent,i:correct,k:absent,k:absent,y:correct",fizzy,"f:correct,i:correct,z:correct,z:correct,y:correct"
2026-04-02T01:00:00,yes,sober,crane,"c:absent,r:present,a:absent,n:absent,e:present",osier,"o:present,s:present,i:absent,e:correct,r:correct",soler,"s:correct,o:correct,l:absent,e:correct,r:correct",soger,"s:correct,o:correct,g:absent,e:correct,r:correct",sober,"s:correct,o:correct,b:correct,e:correct,r:correct",,
2026-04-03T01:00:00,yes,singe,crane,"c:absent,r:absent,a:absent,n:present,e:correct",noise,"n:present,o:absent,i:present,s:present,e:correct",singe,"s:correct,i:correct,n:correct,g:correct,e:correct",,,,,,
2026-04-04T01:00:00,yes,sandy,crane,"c:absent,r:absent,a:present,n:present,e:absent",naios,"n:present,a:correct,i:absent,o:absent,s:present",tansu,"t:absent,a:correct,n:correct,s:present,u:absent",sandy,"s:correct,a:correct,n:correct,d:correct,y:correct",,,,
2026-04-05T01:00:00,yes,envoy,crane,"c:absent,r:absent,a:absent,n:present,e:present",eosin,"e:correct,o:present,s:absent,i:absent,n:present",endow,"e:correct,n:correct,d:absent,o:correct,w:absent",envoy,"e:correct,n:correct,v:correct,o:correct,y:correct",,,,
2026-04-06T01:00:00,yes,sworn,crane,"c:absent,r:present,a:absent,n:present,e:absent",nosir,"n:present,o:present,s:present,i:absent,r:present",snort,"s:correct,n:present,o:correct,r:correct,t:absent",shorn,"s:correct,h:absent,o:correct,r:correct,n:correct",sworn,"s:correct,w:correct,o:correct,r:correct,n:correct",,
2026-04-07T01:00:00,yes,dense,crane,"c:absent,r:absent,a:absent,n:present,e:correct",noise,"n:present,o:absent,i:absent,s:correct,e:correct",lense,"l:absent,e:correct,n:correct,s:correct,e:correct",tense,"t:absent,e:correct,n:correct,s:correct,e:correct",dense,"d:correct,e:correct,n:correct,s:correct,e:correct",,
2026-04-08T01:00:00,yes,inlet,crane,"c:absent,r:absent,a:absent,n:present,e:present",eosin,"e:present,o:absent,s:absent,i:present,n:present",inlet,"i:correct,n:correct,l:correct,e:correct,t:correct",,,,,,
2026-04-09T01:00:00,yes,laden,crane,"c:absent,r:absent,a:present,n:present,e:present",neosa,"n:present,e:present,o:absent,s:absent,a:present",alien,"a:present,l:present,i:absent,e:correct,n:correct",laten,"l:correct,a:correct,t:absent,e:correct,n:correct",laden,"l:correct,a:correct,d:correct,e:correct,n:correct",,
2026-04-10T01:00:00,yes,carom,crane,"c:correct,r:present,a:present,n:absent,e:absent",carls,"c:correct,a:correct,r:correct,l:absent,s:absent",carom,"c:correct,a:correct,r:correct,o:correct,m:correct",,,,,,
2026-04-11T01:00:00,yes,prude,crane,"c:absent,r:correct,a:absent,n:absent,e:correct",prose,"p:correct,r:correct,o:absent,s:absent,e:correct",pride,"p:correct,r:correct,i:absent,d:correct,e:correct",prude,"p:correct,r:correct,u:correct,d:correct,e:correct",,,,
2026-04-12T01:00:00,yes,alley,crane,"c:absent,r:absent,a:present,n:absent,e:present",aloes,"a:correct,l:correct,o:absent,e:correct,s:absent",almeh,"a:correct,l:correct,m:absent,e:correct,h:absent",aldea,"a:correct,l:correct,d:absent,e:correct,a:absent",alley,"a:correct,l:correct,l:correct,e:correct,y:correct",,
2026-04-13T01:00:00,yes,elfin,crane,"c:absent,r:absent,a:absent,n:present,e:present",eosin,"e:correct,o:absent,s:absent,i:correct,n:correct",eldin,"e:correct,l:correct,d:absent,i:correct,n:correct",elfin,"e:correct,l:correct,f:correct,i:correct,n:correct",,,,
2026-04-14T01:00:00,yes,cycle,crane,"c:correct,r:absent,a:absent,n:absent,e:correct",cosie,"c:correct,o:absent,s:absent,i:absent,e:correct",chute,"c:correct,h:absent,u:absent,t:absent,e:correct",clype,"c:correct,l:present,y:present,p:absent,e:correct",cycle,"c:correct,y:correct,c:correct,l:correct,e:correct",,
2026-04-15T01:00:00,yes,begun,crane,"c:absent,r:absent,a:absent,n:present,e:present",eosin,"e:present,o:absent,s:absent,i:absent,n:correct",lumen,"l:absent,u:present,m:absent,e:present,n:correct",begun,"b:correct,e:correct,g:correct,u:correct,n:correct",,,,
2026-04-16T01:00:00,yes,cubit,crane,"c:correct,r:absent,a:absent,n:absent,e:absent",coils,"c:correct,o:absent,i:present,l:absent,s:absent",cubit,"c:correct,u:correct,b:correct,i:correct,t:correct",,,,,,
2026-04-17T01:00:00,yes,belle,crane,"c:absent,r:absent,a:absent,n:absent,e:correct",toise,"t:absent,o:absent,i:absent,s:absent,e:correct",duple,"d:absent,u:absent,p:absent,l:correct,e:correct",belle,"b:correct,e:correct,l:correct,l:correct,e:correct",,,,
2026-04-18T01:00:00,yes,toady,crane,"c:absent,r:absent,a:correct,n:absent,e:absent",loast,"l:absent,o:correct,a:correct,s:absent,t:present",toady,"t:correct,o:correct,a:correct,d:correct,y:correct",,,,,,
2026-04-19T01:00:00,yes,stand,crane,"c:absent,r:absent,a:correct,n:correct,e:absent",loans,"l:absent,o:absent,a:correct,n:correct,s:present",stand,"s:correct,t:correct,a:correct,n:correct,d:correct",,,,,,
2026-04-20T01:00:00,no,,crane,"c:absent,r:absent,a:correct,n:absent,e:correct",slate,"s:absent,l:absent,a:correct,t:absent,e:correct",poake,"p:absent,o:absent,a:correct,k:absent,e:correct",image,"i:absent,m:absent,a:correct,g:absent,e:correct",buaze,"b:absent,u:absent,a:correct,z:absent,e:correct",evade,"e:present,v:present,a:correct,d:absent,e:correct"
2026-04-21T01:00:00,yes,clump,crane,"c:correct,r:absent,a:absent,n:absent,e:absent",coils,"c:correct,o:absent,i:absent,l:present,s:absent",culty,"c:correct,u:present,l:present,t:absent,y:absent",clump,"c:correct,l:correct,u:correct,m:correct,p:correct",,,,
2026-04-22T01:00:00,yes,snore,crane,"c:absent,r:present,a:absent,n:present,e:correct",snore,"s:correct,n:correct,o:correct,r:correct,e:correct",,,,,,,,
2026-04-23T01:00:00,yes,tweet,crane,"c:absent,r:absent,a:absent,n:absent,e:present",solei,"s:absent,o:absent,l:absent,e:correct,i:absent",muted,"m:absent,u:absent,t:present,e:correct,d:absent",typey,"t:correct,y:absent,p:absent,e:correct,y:absent",theek,"t:correct,h:absent,e:correct,e:correct,k:absent",tweet,"t:correct,w:correct,e:correct,e:correct,t:correct"
